t,lighthouse.status,lighthouse.bsReceive,lighthouse.bsActive,lighthouse.bsGeoVal,lighthouse.bsCalVal,lighthouse.bsCalCon,lighthouse.bsCalUd,lighthouse.comSync,stateEstimate.x,stateEstimate.y,stateEstimate.z
0.112,2,15,15,15,15,15,0,1,-0.43052300810813904,-0.19426117837429047,-0.009330269880592823
0.212,2,15,15,15,15,15,0,1,-0.4308488667011261,-0.19449298083782196,-0.009751200675964355
0.312,2,15,15,15,15,15,0,1,-0.43038618564605713,-0.19479306042194366,-0.0089980224147439
0.412,2,15,15,15,15,15,0,1,-0.4285055696964264,-0.1944068819284439,-0.008087539114058018
0.511,2,15,15,15,15,15,0,1,-0.42832431197166443,-0.19465242326259613,-0.007567820139229298
0.611,2,15,15,15,15,15,0,1,-0.4300987422466278,-0.19466152787208557,-0.008251016028225422
0.711,2,15,15,15,15,15,0,1,-0.43004676699638367,-0.19355127215385437,-0.008318866603076458
0.811,2,15,15,15,15,15,0,1,-0.4287509620189667,-0.19465357065200806,-0.008721383288502693
0.912,2,15,15,15,15,15,0,1,-0.4290122389793396,-0.19436444342136383,-0.008016911335289478
1.011,2,15,15,15,15,15,0,1,-0.42966726422309875,-0.19355955719947815,-0.008436130359768867
1.113,2,15,15,15,15,15,0,1,-0.43027588725090027,-0.19508731365203857,-0.008668961003422737
1.213,2,15,15,15,15,15,0,1,-0.42779815196990967,-0.19501087069511414,-0.008067828603088856
1.311,2,15,15,15,15,15,0,1,-0.42919594049453735,-0.19397667050361633,-0.008501383475959301
1.412,2,15,15,15,15,15,0,1,-0.42847999930381775,-0.194760262966156,-0.008019685745239258
1.514,2,15,15,15,15,15,0,1,-0.4294026792049408,-0.19339226186275482,-0.007806848268955946
1.614,2,15,15,15,15,15,0,1,-0.42876753211021423,-0.19429819285869598,-0.008008401840925217
1.711,2,15,15,15,15,15,0,1,-0.42828643321990967,-0.19460643827915192,-0.007813609205186367
1.810,2,15,15,15,15,15,0,1,-0.4295555055141449,-0.19566768407821655,-0.009038868360221386
1.910,2,15,15,15,15,15,0,1,-0.42992573976516724,-0.19436097145080566,-0.009078209288418293
2.010,2,15,15,15,15,15,0,1,-0.4303923547267914,-0.1944740116596222,-0.009280872531235218
2.110,2,15,15,15,15,15,0,1,-0.43034347891807556,-0.19517843425273895,-0.009433004073798656
2.210,2,15,15,15,15,15,0,1,-0.43043652176856995,-0.19571956992149353,-0.008920478634536266
2.311,2,15,15,15,15,15,0,1,-0.42860493063926697,-0.19599385559558868,-0.008468196727335453
2.410,2,15,15,15,15,15,0,1,-0.4281226694583893,-0.19561591744422913,-0.008040082640945911
2.510,2,14,14,15,15,15,0,1,-0.4295431077480316,-0.1951039582490921,-0.008138399571180344
2.610,2,14,14,15,15,15,0,1,-0.4285631477832794,-0.1949416846036911,-0.008644184097647667
2.710,2,15,15,15,15,15,0,1,-0.4294697940349579,-0.19500969350337982,-0.009444142691791058
2.813,2,15,15,15,15,15,0,1,-0.43023744225502014,-0.19521453976631165,-0.008523109368979931
2.909,2,15,15,15,15,15,0,1,-0.4306430220603943,-0.1956353336572647,-0.009253610856831074
3.010,2,15,15,15,15,15,0,1,-0.4283442497253418,-0.19426539540290833,-0.008378380909562111
3.115,2,15,15,15,15,15,0,1,-0.4293750822544098,-0.19383901357650757,-0.00858659204095602
3.211,2,15,15,15,15,15,0,1,-0.42973580956459045,-0.1945592761039734,-0.0088287852704525
3.309,2,15,15,15,15,15,0,1,-0.4305601418018341,-0.1953531950712204,-0.009065724909305573
3.410,2,15,15,15,15,15,0,1,-0.4301019012928009,-0.1942271888256073,-0.009215809404850006
3.509,2,15,15,15,15,15,0,1,-0.4303330183029175,-0.19466207921504974,-0.009061646647751331
3.610,2,15,15,15,15,15,0,1,-0.4295963943004608,-0.19582295417785645,-0.009695306420326233
3.712,2,15,15,15,15,15,0,1,-0.42933207750320435,-0.1935400515794754,-0.008867938071489334
3.809,2,15,15,15,15,15,0,1,-0.4292280972003937,-0.19502215087413788,-0.008212803862988949
3.909,2,15,15,15,15,15,0,1,-0.42953988909721375,-0.19459274411201477,-0.008644472807645798
4.010,2,15,15,15,15,15,0,1,-0.42800474166870117,-0.19572891294956207,-0.00883194338530302
4.109,2,15,15,15,15,15,0,1,-0.42834150791168213,-0.1946263164281845,-0.008358943276107311
4.209,2,15,15,15,15,15,0,1,-0.4288044273853302,-0.19446802139282227,-0.008484166115522385
4.308,2,15,15,15,15,15,0,1,-0.4305514991283417,-0.19423803687095642,-0.008803483098745346
4.412,2,15,15,15,15,15,0,1,-0.43004366755485535,-0.1943257451057434,-0.008796055801212788
4.509,2,15,15,15,15,15,0,1,-0.42995917797088623,-0.19465330243110657,-0.008524179458618164
4.608,2,15,15,15,15,15,0,1,-0.4304405152797699,-0.19554147124290466,-0.0081474082544446
4.709,2,15,15,15,15,15,0,1,-0.42976194620132446,-0.19349175691604614,-0.00813871156424284
4.808,2,15,15,15,15,15,0,1,-0.42945218086242676,-0.19581402838230133,-0.009281662292778492
4.909,2,15,15,15,15,15,0,1,-0.4296361804008484,-0.19644379615783691,-0.009036402218043804
5.008,2,15,15,15,15,15,0,1,-0.42886650562286377,-0.19636712968349457,-0.009617196395993233
5.109,2,12,12,15,15,15,0,1,-0.42918679118156433,-0.19613340497016907,-0.00984780490398407
5.208,2,12,12,15,15,15,0,1,-0.4279707968235016,-0.19532421231269836,-0.00859897118061781
5.311,2,14,14,15,15,15,0,1,-0.4274665415287018,-0.19476549327373505,-0.008242824114859104
5.411,2,14,14,15,15,15,0,1,-0.4286768138408661,-0.19469943642616272,-0.008586817421019077
5.508,2,15,15,15,15,15,0,1,-0.4280259609222412,-0.19491709768772125,-0.008032732643187046
5.611,2,15,15,15,15,15,0,1,-0.42944929003715515,-0.19466784596443176,-0.008419901132583618
5.711,2,15,15,15,15,15,0,1,-0.4288930296897888,-0.19417180120944977,-0.00808175839483738
5.808,2,15,15,15,15,15,0,1,-0.42876699566841125,-0.1960587054491043,-0.009165056049823761
5.908,2,15,15,15,15,15,0,1,-0.42881137132644653,-0.19674792885780334,-0.00972156971693039
6.008,2,15,15,15,15,15,0,1,-0.42961791157722473,-0.19335529208183289,-0.00821599643677473
6.108,2,15,15,15,15,15,0,1,-0.4291469156742096,-0.19362494349479675,-0.007873667404055595
6.207,2,15,15,15,15,15,0,1,-0.42891156673431396,-0.19346141815185547,-0.00679972255602479
6.309,2,15,15,15,15,15,0,1,-0.42943981289863586,-0.19420449435710907,-0.008589285425841808
6.407,2,15,15,15,15,15,0,1,-0.42795825004577637,-0.19470827281475067,-0.008255384862422943
6.510,2,15,15,15,15,15,0,1,-0.4301143288612366,-0.19469115138053894,-0.008825375698506832
6.607,2,15,15,15,15,15,0,1,-0.42871758341789246,-0.19573542475700378,-0.009217766113579273
6.707,2,15,15,15,15,15,0,1,-0.4300617575645447,-0.1943369358778,-0.009025142528116703
6.807,2,15,15,15,15,15,0,1,-0.42929789423942566,-0.19594033062458038,-0.008838595822453499
6.907,2,15,15,15,15,15,0,1,-0.42938360571861267,-0.19493110477924347,-0.008475109003484249
7.007,2,15,15,15,15,15,0,1,-0.42848241329193115,-0.19535620510578156,-0.00853045005351305
7.107,2,15,15,15,15,15,0,1,-0.4289495050907135,-0.19476847350597382,-0.008761254139244556
7.207,2,15,15,15,15,15,0,1,-0.4295279383659363,-0.19340185821056366,-0.008513277396559715
7.308,2,15,15,15,15,15,0,1,-0.43007874488830566,-0.1953764706850052,-0.008879284374415874
7.406,2,15,15,15,15,15,0,1,-0.42786383628845215,-0.19497407972812653,-0.008308235555887222
7.506,2,15,15,15,15,15,0,1,-0.4277414083480835,-0.19506831467151642,-0.008105172775685787
7.607,2,15,15,15,15,15,0,1,-0.43011605739593506,-0.19511884450912476,-0.009501508437097073
7.706,2,15,15,15,15,15,0,1,-0.43091094493865967,-0.19526395201683044,-0.0094025619328022
7.807,2,15,15,15,15,15,0,1,-0.430502712726593,-0.19517599046230316,-0.009771062061190605
7.907,2,15,15,15,15,15,0,1,-0.4289839565753937,-0.19589121639728546,-0.009325351566076279
8.006,2,15,15,15,15,15,0,1,-0.4279833734035492,-0.1955365389585495,-0.008383113890886307
8.106,2,15,15,15,15,15,0,1,-0.42892780900001526,-0.19351401925086975,-0.007852260023355484
8.206,2,15,15,15,15,15,0,1,-0.4286111295223236,-0.1944807469844818,-0.008362197317183018
8.306,2,15,15,15,15,15,0,1,-0.430552214384079,-0.19468577206134796,-0.010040674358606339
8.406,2,15,15,15,15,15,0,1,-0.4305287301540375,-0.19588741660118103,-0.0091123441234231
8.506,2,15,15,15,15,15,0,1,-0.4282430410385132,-0.19535474479198456,-0.008898607455193996
8.605,2,15,15,15,15,15,0,1,-0.4282139539718628,-0.19482539594173431,-0.008480566553771496
8.706,2,15,15,15,15,15,0,1,-0.42923080921173096,-0.19396346807479858,-0.008534204214811325
8.806,2,15,15,15,15,15,0,1,-0.42973220348358154,-0.1948534995317459,-0.008460699580609798
8.905,2,15,15,15,15,15,0,1,-0.42956244945526123,-0.19595256447792053,-0.008733422495424747
9.006,2,15,15,15,15,15,0,1,-0.42881688475608826,-0.19527047872543335,-0.009188396856188774
9.109,2,15,15,15,15,15,0,1,-0.4293540120124817,-0.19487446546554565,-0.008988290093839169
9.205,2,15,15,15,15,15,0,1,-0.42822086811065674,-0.1943950057029724,-0.00804014503955841
9.305,2,15,15,15,15,15,0,1,-0.42756977677345276,-0.19457636773586273,-0.007551990915089846
9.405,2,15,15,15,15,15,0,1,-0.4272550940513611,-0.1960938721895218,-0.009080993011593819
9.508,2,15,15,15,15,15,0,1,-0.42997199296951294,-0.1940821409225464,-0.008908720687031746
9.606,2,15,15,15,15,15,0,1,-0.43002593517303467,-0.19465599954128265,-0.008372936397790909
9.706,2,15,15,15,15,15,0,1,-0.4300370216369629,-0.19376064836978912,-0.00872056744992733
9.809,2,15,15,15,15,15,0,1,-0.4293636381626129,-0.19573131203651428,-0.008547036908566952
9.905,2,15,15,15,15,15,0,1,-0.42962369322776794,-0.19517648220062256,-0.00910519901663065
10.005,2,15,15,15,15,15,0,1,-0.42866581678390503,-0.19499649107456207,-0.008896784856915474
10.106,2,15,15,15,15,15,0,1,-0.42949002981185913,-0.19417813420295715,-0.008900203742086887
10.205,2,15,15,15,15,15,0,1,-0.429869681596756,-0.19541794061660767,-0.010055327787995338
10.304,2,15,15,15,15,15,0,1,-0.43104979395866394,-0.19435860216617584,-0.009715110063552856
10.405,2,15,15,15,15,15,0,1,-0.429111123085022,-0.19472254812717438,-0.009010836482048035
10.505,2,15,15,15,15,15,0,1,-0.4279663860797882,-0.19520002603530884,-0.008319911547005177
10.604,2,15,15,15,15,15,0,1,-0.4284030795097351,-0.19442903995513916,-0.007700413465499878
10.705,2,15,15,15,15,15,0,1,-0.42991894483566284,-0.19494926929473877,-0.008792223408818245
10.808,2,15,15,15,15,15,0,1,-0.43015986680984497,-0.1958882361650467,-0.009290453046560287
10.907,2,15,15,15,15,15,0,1,-0.42834675312042236,-0.19489988684654236,-0.007858062162995338
11.004,2,15,15,15,15,15,0,1,-0.4301920235157013,-0.19423048198223114,-0.008893843740224838
11.104,2,15,15,15,15,15,0,1,-0.43080395460128784,-0.19424404203891754,-0.0090261185541749
11.204,2,15,15,15,15,15,0,1,-0.4292581081390381,-0.19451802968978882,-0.008520019240677357
11.306,2,15,15,15,15,15,0,1,-0.429605633020401,-0.19341260194778442,-0.008336001075804234
11.405,2,15,15,15,15,15,0,1,-0.42805367708206177,-0.1948183923959732,-0.008113386109471321
11.504,2,15,15,15,15,15,0,1,-0.4299551248550415,-0.1949634850025177,-0.00944958534091711
11.604,2,15,15,15,15,15,0,1,-0.4307459592819214,-0.19433940947055817,-0.009405541233718395
11.704,2,13,13,15,15,15,0,1,-0.43065139651298523,-0.1950060874223709,-0.009396350011229515
11.812,2,13,13,15,15,15,0,1,-0.4280646741390228,-0.19504320621490479,-0.00886817928403616
11.903,2,15,15,15,15,15,0,1,-0.42775991559028625,-0.1957647055387497,-0.008218533359467983
12.003,2,15,15,15,15,15,0,1,-0.43021485209465027,-0.194951593875885,-0.008491432294249535
12.106,2,15,15,15,15,15,0,1,-0.42980653047561646,-0.19388127326965332,-0.008511867374181747
12.204,2,15,15,15,15,15,0,1,-0.43005627393722534,-0.19534099102020264,-0.008826647885143757
12.303,2,15,15,15,15,15,0,1,-0.4300974905490875,-0.1963013857603073,-0.009040222503244877
12.404,2,15,15,15,15,15,0,1,-0.4285188317298889,-0.1937296986579895,-0.007738281972706318
12.504,2,15,15,15,15,15,0,1,-0.4277920424938202,-0.1942279040813446,-0.007784521207213402
12.608,2,15,15,15,15,15,0,1,-0.4289224445819855,-0.19426123797893524,-0.008509484119713306
12.703,2,15,15,15,15,15,0,1,-0.42963236570358276,-0.19519132375717163,-0.008659141138195992
12.803,2,15,15,15,15,15,0,1,-0.428870290517807,-0.19487528502941132,-0.009032700210809708
12.903,2,15,15,15,15,15,0,1,-0.4295502305030823,-0.19341647624969482,-0.008330385200679302
13.003,2,15,15,15,15,15,0,1,-0.43081584572792053,-0.194253608584404,-0.009561557322740555
13.102,2,15,15,15,15,15,0,1,-0.43051379919052124,-0.1955757886171341,-0.008503236807882786
13.203,2,15,15,15,15,15,0,1,-0.42851170897483826,-0.19500301778316498,-0.00876691471785307
13.303,2,15,15,15,15,15,0,1,-0.42759063839912415,-0.1952340006828308,-0.008892583660781384
13.403,2,15,15,15,15,15,0,1,-0.4293821454048157,-0.19354531168937683,-0.008757013827562332
13.503,2,15,15,15,15,15,0,1,-0.4296877384185791,-0.19280096888542175,-0.008292916230857372
13.606,2,15,15,15,15,15,0,1,-0.4298524856567383,-0.1942417025566101,-0.008486841805279255
13.702,2,15,15,15,15,15,0,1,-0.42940667271614075,-0.19416598975658417,-0.00825461745262146
13.803,2,15,15,15,15,15,0,1,-0.4284626841545105,-0.19405050575733185,-0.007953823544085026
13.905,2,15,15,15,15,15,0,1,-0.42979952692985535,-0.1950729936361313,-0.009143222123384476
14.005,2,15,15,15,15,15,0,1,-0.4304165244102478,-0.19523616135120392,-0.00915368553251028
14.102,2,15,15,15,15,15,0,1,-0.4296277165412903,-0.19617486000061035,-0.009655654430389404
14.202,2,15,15,15,15,15,0,1,-0.429561048746109,-0.19362150132656097,-0.008724505081772804
14.302,2,15,15,15,15,15,0,1,-0.4289129972457886,-0.19327035546302795,-0.007456252817064524
14.402,2,15,15,15,15,15,0,1,-0.4286557734012604,-0.19547659158706665,-0.008524538017809391
14.502,2,12,12,15,15,15,0,1,-0.4286406934261322,-0.19674673676490784,-0.009404303506016731
14.602,2,12,12,15,15,15,0,1,-0.42932865023612976,-0.1964891254901886,-0.009952026419341564
14.701,2,14,14,15,15,15,0,1,-0.42833277583122253,-0.1954122930765152,-0.0089173074811697
14.801,2,14,14,15,15,15,0,1,-0.4282696545124054,-0.19592547416687012,-0.008770560845732689
14.901,2,15,15,15,15,15,0,1,-0.42931896448135376,-0.1938074678182602,-0.008384832181036472
15.001,2,15,15,15,15,15,0,1,-0.4287538528442383,-0.19534747302532196,-0.008289514109492302
15.105,2,15,15,15,15,15,0,1,-0.43032678961753845,-0.19515182077884674,-0.008748052641749382
15.201,2,15,15,15,15,15,0,1,-0.4285745918750763,-0.195251926779747,-0.00891304574906826
15.309,2,15,15,15,15,15,0,1,-0.42926403880119324,-0.19494153559207916,-0.00850982777774334
15.403,2,15,15,15,15,15,0,1,-0.4289179742336273,-0.194290429353714,-0.008417143486440182
15.502,2,15,15,15,15,15,0,1,-0.4283720552921295,-0.19609351456165314,-0.008744200691580772
15.601,2,15,15,15,15,15,0,1,-0.43014806509017944,-0.19433940947055817,-0.008877922780811787
15.701,2,7,7,15,15,15,0,1,-0.4292748272418976,-0.1932171732187271,-0.00715213967487216
15.803,2,7,7,15,15,15,0,1,-0.42930981516838074,-0.1940033733844757,-0.00828292965888977
15.901,2,15,15,15,15,15,0,1,-0.4289110004901886,-0.19487592577934265,-0.008539585396647453
16.001,2,15,15,15,15,15,0,1,-0.4295903742313385,-0.1959286481142044,-0.009228227660059929
16.100,2,15,15,15,15,15,0,1,-0.43039220571517944,-0.19517433643341064,-0.00959125254303217
16.200,2,15,15,15,15,15,0,1,-0.4292391538619995,-0.19356532394886017,-0.008180426433682442
16.301,2,15,15,15,15,15,0,1,-0.4281052052974701,-0.19497175514698029,-0.007389001548290253
16.401,2,15,15,15,15,15,0,1,-0.42947548627853394,-0.19550059735774994,-0.00884058978408575
16.501,2,15,15,15,15,15,0,1,-0.4299193322658539,-0.19452613592147827,-0.009163690730929375
16.600,2,15,15,15,15,15,0,1,-0.4298408329486847,-0.19382736086845398,-0.00870614405721426
16.701,2,15,15,15,15,15,0,1,-0.4298296868801117,-0.19491778314113617,-0.008178667165338993
16.800,2,15,15,15,15,15,0,1,-0.42904147505760193,-0.19506224989891052,-0.008712684735655785
16.900,2,15,15,15,15,15,0,1,-0.4275946319103241,-0.1953134387731552,-0.008774913847446442
17.000,2,15,15,15,15,15,0,1,-0.4282076358795166,-0.19437822699546814,-0.007858416996896267
17.100,2,15,15,15,15,15,0,1,-0.42821037769317627,-0.19511671364307404,-0.008424985222518444
17.200,2,15,15,15,15,15,0,1,-0.42949843406677246,-0.1945342719554901,-0.008154958486557007
17.302,2,15,15,15,15,15,0,1,-0.430265337228775,-0.19539614021778107,-0.009265157394111156
17.400,2,15,15,15,15,15,0,1,-0.43027928471565247,-0.19618555903434753,-0.009346100501716137
17.500,2,15,15,15,15,15,0,1,-0.42979755997657776,-0.1962394416332245,-0.009775039739906788
17.600,2,15,15,15,15,15,0,1,-0.4275747537612915,-0.1952771693468094,-0.008907478302717209
17.700,2,15,15,15,15,15,0,1,-0.4272633492946625,-0.19448475539684296,-0.007402646355330944
17.803,2,15,15,15,15,15,0,1,-0.42919284105300903,-0.19351603090763092,-0.008083885535597801
17.899,2,15,15,15,15,15,0,1,-0.42981985211372375,-0.19482804834842682,-0.008729664608836174
18.001,2,15,15,15,15,15,0,1,-0.4294397532939911,-0.19573895633220673,-0.009836371056735516
18.103,2,15,15,15,15,15,0,1,-0.4286647140979767,-0.1949882060289383,-0.008458700962364674
18.206,2,15,15,15,15,15,0,1,-0.4278413653373718,-0.1951800137758255,-0.008717803284525871
18.300,2,15,15,15,15,15,0,1,-0.42898258566856384,-0.1939183473587036,-0.008139735087752342
18.400,2,15,15,15,15,15,0,1,-0.42932385206222534,-0.19434738159179688,-0.00860662292689085
18.499,2,15,15,15,15,15,0,1,-0.42830827832221985,-0.19547125697135925,-0.008436771109700203
18.600,2,15,15,15,15,15,0,1,-0.42975881695747375,-0.19546645879745483,-0.008694243617355824
18.699,2,15,15,15,15,15,0,1,-0.43008485436439514,-0.19570092856884003,-0.00979658868163824
18.799,2,15,15,15,15,15,0,1,-0.4286930561065674,-0.1955476850271225,-0.008885497227311134
18.901,2,15,15,15,15,15,0,1,-0.4287116825580597,-0.19449062645435333,-0.008596769534051418
18.999,2,15,15,15,15,15,0,1,-0.4295424818992615,-0.19383761286735535,-0.008312199264764786
19.099,2,15,15,15,15,15,0,1,-0.42919591069221497,-0.19504565000534058,-0.008050805889070034
19.198,2,15,15,15,15,15,0,1,-0.4305739402770996,-0.19476062059402466,-0.007951466366648674
19.298,2,15,15,15,15,15,0,1,-0.430144339799881,-0.19427832961082458,-0.008477764204144478
19.399,2,15,15,15,15,15,0,1,-0.428916871547699,-0.19432932138442993,-0.008182620629668236
19.498,2,15,15,15,15,15,0,1,-0.4281938076019287,-0.1945023536682129,-0.008215149864554405
19.598,2,15,15,15,15,15,0,1,-0.4282936155796051,-0.19416099786758423,-0.007746277842670679
19.699,2,15,15,15,15,15,0,1,-0.4298780560493469,-0.19468039274215698,-0.00869867205619812
19.798,2,15,15,15,15,15,0,1,-0.4300056993961334,-0.19374904036521912,-0.008626334369182587
19.898,2,15,15,15,15,15,0,1,-0.42985838651657104,-0.194915309548378,-0.00942604523152113
20.000,2,15,15,15,15,15,0,1,-0.4276253283023834,-0.19538193941116333,-0.009125410579144955
20.098,2,15,15,15,15,15,0,1,-0.42920950055122375,-0.1939965933561325,-0.00829897727817297
