timestep,walltime_sec,ep_rew_mean,ep_len_mean
20480,5.33,88.9859,82.79
40960,11.25,95.4781,83.83
61440,17.12,100.4647,85.53
81920,22.75,104.4337,91.34
102400,28.69,110.0303,95.10
122880,34.67,116.6622,99.50
143360,40.54,122.5883,101.55
163840,46.24,137.9145,108.29
184320,52.07,135.7481,112.77
204800,57.74,142.3899,120.79
225280,63.57,145.6957,119.90
245760,69.19,154.4229,124.27
266240,74.79,171.6828,130.76
286720,80.29,184.5811,131.24
307200,85.81,166.9015,134.06
327680,91.53,188.7666,145.26
348160,96.89,203.6780,158.99
368640,102.35,206.0260,150.56
389120,107.81,186.9824,156.47
409600,113.27,203.2571,160.32
430080,118.78,208.1630,167.88
450560,124.27,215.0723,164.47
471040,129.73,219.8972,173.57
491520,135.11,221.2102,167.52
512000,140.55,218.7802,181.98
532480,146.05,226.0903,193.97
552960,151.34,254.3450,195.98
573440,157.16,218.9685,192.75
593920,162.93,243.1687,205.72
614400,168.58,295.0185,224.44
634880,174.88,273.6158,211.34
655360,180.66,271.5746,223.84
675840,186.30,299.7445,235.37
696320,192.12,327.0837,245.51
716800,198.93,311.6742,228.62
737280,206.20,316.5282,238.30
757760,212.53,333.7361,233.21
778240,218.70,318.4430,251.71
798720,224.98,353.2729,252.24
819200,236.77,386.8252,269.14
839680,243.43,448.1598,287.26
860160,250.59,353.9960,261.51
880640,257.25,337.3259,257.17
901120,263.87,383.6205,264.43
921600,270.13,399.3914,279.41
942080,278.91,428.6177,295.90
962560,285.92,403.1295,289.28
983040,292.09,452.3419,309.67
1003520,298.10,375.0544,269.77
1024000,304.39,442.2161,290.22
1044480,310.75,450.3647,291.24
1064960,317.05,454.9288,307.28
1085440,322.91,414.4560,272.08
1105920,329.92,514.2271,312.76
1126400,342.81,509.2852,320.80
1146880,348.93,468.5593,293.24
1167360,355.43,460.0195,290.26
1187840,362.79,499.6165,314.00
1208320,375.93,411.6681,277.65
1228800,382.10,414.1498,286.81
1249280,388.14,474.0421,295.63
1269760,394.33,524.7705,306.24
1290240,400.52,578.5041,329.39
1310720,407.76,526.5544,312.65
1331200,414.07,489.4451,293.11
1351680,420.65,497.5735,294.52
1372160,426.85,533.5773,303.21
1392640,433.18,578.0006,301.20
1413120,439.66,508.5643,288.45
1433600,446.21,508.3542,316.49
1454080,452.09,576.7519,324.65
1474560,458.14,582.4812,310.34
1495040,463.67,579.2111,318.51
1515520,472.92,575.3007,311.47
1536000,482.35,591.3732,320.09
1556480,492.18,601.2586,334.41
1576960,501.57,633.8329,322.05
1597440,510.65,571.7442,316.52
1617920,519.82,613.7274,327.17
1638400,529.70,618.7946,315.75
1658880,540.57,563.1784,323.91
1679360,550.43,593.1566,336.16
1699840,559.99,709.0415,366.39
1720320,569.49,642.5536,337.19
1740800,579.39,588.0817,306.77
1761280,589.46,610.3461,334.42
1781760,596.19,732.7404,366.41
1802240,602.47,724.7834,371.59
1822720,608.80,643.5802,338.07
1843200,615.15,647.9302,332.30
1863680,622.35,704.0401,344.35
1884160,629.64,769.1518,359.12
1904640,636.21,786.3458,365.20
1925120,645.15,737.8584,356.03
1945600,658.70,694.4275,338.34
1966080,670.28,680.5376,343.55
1986560,676.46,707.2360,348.91
2007040,682.82,765.9434,383.94
2027520,689.14,778.8438,387.49
2048000,695.99,738.3487,366.40
2068480,703.00,778.6800,379.63
2088960,710.16,694.4915,345.64
2109440,717.31,691.8930,329.54
2129920,724.84,672.3205,322.76
2150400,732.10,801.8106,363.37
2170880,739.99,736.3565,352.02
2191360,749.22,736.4228,346.92
2211840,758.20,769.2412,363.74
2232320,767.69,755.0770,372.39
2252800,777.15,714.3718,345.97
2273280,786.63,798.3768,397.83
2293760,796.46,770.4832,381.01
2314240,806.25,755.6603,354.13
2334720,813.26,836.8290,373.84
2355200,820.07,751.4231,343.46
2375680,827.66,676.6899,327.51
2396160,836.59,691.8393,333.76
2416640,843.81,765.3500,344.30
2437120,850.57,810.3430,366.12
2457600,856.73,774.5818,358.26
2478080,863.29,746.5701,346.92
2498560,870.72,773.8982,373.79
2519040,876.50,809.0789,375.68
2539520,881.83,838.6668,341.51
2560000,887.33,860.0667,361.93
2580480,893.45,832.0994,361.44
2600960,899.75,835.6603,357.16
2621440,905.98,781.6224,345.13
2641920,912.39,793.3396,348.17
2662400,919.22,821.6347,372.24
2682880,926.32,848.9726,388.17
2703360,933.16,822.8197,363.25
2723840,939.96,811.6185,357.42
2744320,946.55,833.1682,366.44
2764800,952.95,871.2401,380.11
2785280,959.17,914.4306,389.18
2805760,965.09,913.6228,380.92
2826240,972.32,854.8449,384.44
2846720,978.50,823.3550,375.09
2867200,985.33,872.4709,374.27
2887680,992.36,899.9895,391.65
2908160,999.20,899.6484,387.96
2928640,1006.33,834.8771,367.56
2949120,1013.75,875.2482,372.11
2969600,1020.90,859.2168,366.00
2990080,1028.55,834.0019,365.03
3010560,1036.15,865.3572,369.20
3031040,1043.31,840.7854,360.92
3051520,1050.24,888.1845,381.95
3072000,1057.03,903.6317,384.26
3092480,1064.78,930.4823,396.26
3112960,1073.26,955.2129,395.16
3133440,1082.11,953.3469,389.50
3153920,1089.96,835.2746,355.03
3174400,1097.17,887.7571,384.13
3194880,1105.49,891.4134,383.32
3215360,1113.25,832.5912,349.07
3235840,1122.17,845.1817,364.69
3256320,1130.47,835.1624,361.42
3276800,1139.21,806.2486,380.42
3297280,1147.10,772.9944,387.50
3317760,1156.03,829.2868,369.50
3338240,1164.32,851.1941,378.38
3358720,1172.69,778.7853,383.09
3379200,1181.65,739.3213,379.73
3399680,1191.18,737.2852,368.35
3420160,1198.40,788.7484,380.31
3440640,1206.71,827.6902,387.86
3461120,1214.61,789.0950,378.93
3481600,1221.71,697.4092,347.64
3502080,1229.69,723.3905,355.57
3522560,1236.19,743.7406,365.18
3543040,1243.23,797.5304,378.79
3563520,1250.64,829.4143,386.93
3584000,1258.39,738.1820,376.75
3604480,1269.06,754.4581,359.63
3624960,1278.25,778.7996,373.41
3645440,1288.16,776.8206,383.90
3665920,1297.46,749.9814,373.62
3686400,1307.03,749.0371,380.36
3706880,1316.68,832.6924,383.19
3727360,1329.46,831.4727,378.34
3747840,1342.13,863.3998,379.91
3768320,1351.04,806.7572,373.27
3788800,1359.03,766.4760,355.33
3809280,1374.07,798.6330,376.54
3829760,1396.96,731.6532,368.47
3850240,1412.76,734.8076,359.47
3870720,1421.00,776.3870,373.19
3891200,1431.47,753.1368,380.84
3911680,1441.53,757.2943,387.43
3932160,1450.50,775.0461,369.32
3952640,1458.26,780.0125,369.10
3973120,1466.06,812.4456,370.32
3993600,1473.97,777.8239,354.35
4014080,1482.84,806.3706,373.08
4034560,1492.31,870.4931,387.96
4055040,1500.96,797.7372,361.82
4075520,1510.09,710.4383,357.45
4096000,1518.57,732.5450,363.30
4116480,1526.84,739.3373,351.49
4136960,1535.65,813.5233,367.78
4157440,1545.24,778.8942,372.52
4177920,1552.74,701.1547,361.81
4198400,1559.49,752.3550,346.81
4218880,1567.82,734.9969,351.06
4239360,1576.68,724.3038,344.54
4259840,1584.79,851.8644,371.60
4280320,1592.16,809.9433,368.10
4300800,1600.25,759.3019,376.47
4321280,1611.09,736.9505,358.75
4341760,1621.72,729.0488,350.83
4362240,1628.54,748.4179,359.45
4382720,1637.27,780.2834,380.24
4403200,1646.44,790.8082,377.34
4423680,1654.85,811.3496,385.75
4444160,1662.49,829.2479,387.23
4464640,1670.52,859.8293,401.88
4485120,1678.57,930.1491,425.60
4505600,1686.91,896.9131,405.78
4526080,1696.10,811.1382,371.90
4546560,1702.62,761.6701,358.22
4567040,1711.54,722.5325,346.98
4587520,1720.13,716.8426,349.20
4608000,1727.62,810.9022,362.31
4628480,1734.75,847.9359,381.73
4648960,1742.14,779.1950,381.72
4669440,1750.68,835.5333,388.38
4689920,1758.89,793.7246,386.05
4710400,1768.13,773.3650,392.04
4730880,1777.35,879.7811,396.48
4751360,1784.27,871.4158,379.75
4771840,1791.15,850.5791,390.25
4792320,1798.31,854.8050,400.62
4812800,1804.34,808.2539,399.29
4833280,1811.68,754.4009,366.70
4853760,1819.85,758.7076,364.62
4874240,1826.33,782.9202,359.59
4894720,1832.33,766.3525,361.97
4915200,1838.35,812.0423,382.76
4935680,1844.64,773.7420,371.91
4956160,1850.71,795.3976,397.23
4976640,1857.37,774.4919,360.77
4997120,1863.63,791.5989,383.20
5017600,1870.15,729.8974,368.15
20480,3.87,116.2237,78.53
40960,8.38,118.1554,81.57
61440,12.55,122.4193,85.83
81920,16.68,133.9028,88.55
102400,21.14,137.8237,94.26
122880,25.74,157.3289,96.80
143360,30.16,152.1726,100.01
163840,34.36,163.0089,103.94
184320,38.55,171.7564,107.35
204800,42.59,180.2256,113.77
225280,46.91,182.4956,115.72
245760,51.21,206.8858,123.83
266240,56.01,212.2419,127.45
286720,60.12,203.0102,127.79
307200,64.33,237.1891,132.73
327680,68.40,237.6356,145.31
348160,72.22,255.3998,153.72
368640,76.29,265.6905,157.11
389120,80.15,287.1794,162.95
409600,84.05,284.1670,161.40
430080,88.40,308.3725,172.62
450560,92.39,312.2547,176.25
471040,96.24,306.4004,178.84
491520,100.07,353.8791,211.06
512000,104.17,346.1678,203.47
532480,108.81,390.6382,224.45
552960,112.80,377.1650,225.37
573440,116.70,425.4647,240.49
593920,121.30,412.8092,226.70
614400,125.34,423.0161,230.97
634880,129.41,438.3883,252.10
655360,133.49,436.1986,255.65
675840,137.86,456.7808,262.75
696320,142.57,471.2553,247.45
716800,147.41,484.5806,261.47
737280,151.75,575.6642,276.64
757760,156.22,562.6424,276.11
778240,160.54,503.8852,256.94
798720,164.79,549.6728,273.11
819200,169.59,589.0855,276.79
839680,174.80,519.9732,258.21
860160,179.34,603.1576,293.55
880640,183.65,626.4235,300.70
901120,187.83,645.4324,291.71
921600,191.88,651.1239,294.15
942080,196.16,588.1425,272.53
962560,200.44,581.6904,271.71
983040,204.72,652.2575,287.19
1003520,209.07,653.1936,280.59
1024000,213.58,731.6151,313.56
1044480,218.06,724.7191,308.11
1064960,222.29,740.8704,314.18
1085440,226.56,779.9801,331.27
1105920,231.17,735.3018,310.73
1126400,235.91,657.2551,280.99
1146880,240.33,744.8826,319.54
1167360,244.60,839.5150,332.38
1187840,249.46,806.1613,326.59
1208320,254.11,772.8300,310.87
1228800,258.33,828.1860,332.63
1249280,262.55,824.3505,337.08
1269760,266.63,796.9874,335.18
1290240,270.59,850.2397,349.18
1310720,274.85,915.5909,352.74
1331200,279.54,917.7256,354.16
1351680,284.36,887.9556,349.82
1372160,289.16,870.6263,343.00
1392640,294.10,878.4318,348.66
1413120,298.83,888.5388,346.72
1433600,303.75,891.5541,348.80
1454080,308.41,894.2609,354.66
1474560,312.75,877.6190,337.54
1495040,317.18,886.7348,341.30
1515520,321.32,905.7554,344.37
1536000,326.58,933.9749,347.97
1556480,331.43,958.1277,358.25
1576960,337.01,958.8276,353.68
1597440,342.50,945.3505,354.56
1617920,348.02,915.1923,346.76
1638400,352.77,901.0109,333.81
1658880,357.84,897.4340,321.35
1679360,362.15,953.5736,340.88
1699840,366.53,948.8590,345.18
1720320,370.99,1045.1205,361.37
1740800,375.40,1032.6135,362.82
1761280,379.95,977.7866,347.10
1781760,384.54,963.4144,346.96
1802240,389.15,977.4603,356.24
1822720,393.55,1031.0300,363.68
1843200,397.66,1113.2195,376.80
1863680,401.86,1090.7423,377.01
1884160,406.28,1132.5198,374.25
1904640,410.55,1157.0856,377.73
1925120,414.80,1106.9838,389.87
1945600,419.13,1048.9908,369.58
1966080,423.65,1041.1152,355.41
1986560,428.29,1045.5375,361.88
2007040,432.85,956.2190,341.43
2027520,437.96,1088.4616,378.17
2048000,442.16,1120.0626,378.34
2068480,446.25,1057.5149,357.93
2088960,450.68,1103.5819,376.15
2109440,454.73,1009.1619,352.01
2129920,459.09,1036.1391,353.75
2150400,463.88,997.6002,334.46
2170880,467.94,1017.3570,342.94
2191360,472.07,1054.5533,355.10
2211840,476.64,1098.1868,363.36
2232320,481.38,1048.0386,352.15
2252800,485.30,1096.5733,355.23
2273280,489.62,1169.7743,377.22
2293760,493.80,1100.4511,364.84
2314240,498.40,1118.8544,363.24
2334720,502.15,1168.9457,378.48
2355200,505.85,1129.4271,369.32
2375680,510.76,1073.8630,353.03
2396160,514.79,1120.7401,359.84
2416640,518.95,1185.7322,376.30
2437120,523.12,1245.0931,393.75
2457600,526.91,1152.6982,365.97
2478080,531.48,1072.1331,342.37
2498560,536.47,1118.8751,355.37
2519040,542.14,1119.5534,355.83
2539520,547.96,1208.1081,374.12
2560000,553.95,1286.7098,388.17
2580480,560.67,1229.4551,380.62
2600960,565.17,1217.2360,379.06
2621440,569.28,1284.5725,392.64
2641920,573.15,1302.0296,402.06
2662400,576.88,1244.8794,389.77
2682880,580.70,1169.7876,362.85
2703360,584.56,1216.0403,373.56
2723840,588.63,1206.1998,369.05
2744320,593.17,1162.0076,355.09
2764800,597.44,1262.5033,393.06
2785280,601.98,1295.3731,400.62
2805760,606.26,1189.7414,361.99
2826240,610.61,1154.7630,355.12
2846720,615.02,1178.4341,363.68
2867200,619.18,1106.6216,358.33
2887680,623.47,1186.9683,377.02
2908160,627.48,1282.9888,396.86
2928640,631.57,1281.8888,394.55
2949120,635.74,1222.0409,373.82
2969600,639.96,1224.6173,370.43
2990080,644.48,1263.4398,381.10
3010560,648.78,1322.4249,395.15
3031040,653.28,1230.8484,371.87
3051520,657.51,1225.3393,362.25
3072000,661.79,1384.8489,393.66
3092480,666.16,1447.0424,412.36
3112960,670.38,1236.2353,372.92
3133440,674.43,1258.7035,370.35
3153920,678.62,1444.1099,411.02
3174400,682.69,1237.3786,374.72
3194880,686.88,1310.0815,378.16
3215360,691.27,1403.4504,403.21
3235840,695.67,1377.4199,406.27
3256320,699.91,1374.3320,404.47
3276800,704.49,1362.7294,397.13
3297280,709.08,1361.2531,386.00
3317760,712.96,1292.2688,373.35
3338240,716.63,1228.0189,354.40
3358720,720.35,1339.5560,364.91
3379200,724.16,1373.8845,389.10
3399680,728.15,1367.8651,390.53
3420160,732.18,1353.9836,382.04
3440640,736.43,1295.9921,369.98
3461120,740.79,1272.4844,364.25
3481600,745.81,1363.8719,384.59
3502080,750.35,1413.9620,404.88
3522560,754.72,1476.0303,416.36
3543040,758.98,1382.6550,394.72
3563520,763.36,1237.9716,362.76
3584000,768.25,1307.1686,365.93
3604480,772.66,1400.0372,388.38
3624960,777.54,1348.8198,390.19
3645440,782.02,1334.3063,388.26
3665920,786.17,1318.4256,378.61
3686400,789.94,1286.9431,373.87
3706880,794.10,1352.9673,385.32
3727360,797.80,1402.5870,397.37
3747840,801.82,1316.5591,382.05
3768320,805.67,1272.9034,369.22
3788800,809.82,1347.3873,372.84
3809280,813.75,1519.6368,408.68
3829760,817.55,1541.7317,420.21
3850240,821.40,1453.1925,401.12
3870720,825.07,1504.5358,408.09
3891200,828.72,1432.3811,390.59
3911680,832.37,1494.7857,399.58
3932160,836.03,1500.1494,410.26
3952640,839.63,1381.6851,387.14
3973120,843.27,1353.1391,384.58
3993600,846.86,1386.5775,390.88
4014080,850.55,1537.2022,408.43
4034560,854.11,1529.1069,410.68
4055040,857.61,1490.5235,399.15
4075520,861.14,1450.7635,400.25
4096000,864.77,1424.7960,403.82
4116480,868.50,1444.3130,398.52
4136960,872.49,1390.9488,395.05
4157440,877.69,1476.7025,417.98
4177920,881.57,1455.0127,405.95
4198400,885.34,1391.3581,390.04
4218880,888.94,1573.2229,415.30
4239360,892.42,1605.7427,415.83
4259840,895.88,1596.6656,417.96
4280320,899.29,1702.4678,438.53
4300800,902.81,1584.7483,419.67
4321280,906.69,1320.2735,371.28
4341760,910.28,1315.6953,364.96
4362240,913.68,1336.0043,367.90
4382720,917.54,1400.2317,392.58
4403200,921.21,1380.0264,382.35
4423680,925.01,1485.5365,397.29
4444160,928.55,1511.9914,413.25
4464640,932.07,1447.5639,400.16
4485120,935.66,1479.9948,402.62
4505600,939.35,1506.1707,406.53
4526080,942.90,1461.4900,394.10
4546560,946.63,1484.6771,395.10
4567040,951.22,1562.9244,413.88
4587520,955.03,1532.0271,412.75
4608000,958.59,1496.5804,402.14
4628480,962.93,1460.5618,381.22
4648960,967.14,1560.9815,398.81
4669440,971.48,1659.5345,426.62
4689920,975.36,1570.7755,413.82
4710400,979.98,1591.8743,418.96
4730880,984.34,1577.0124,415.88
4751360,987.82,1542.9264,408.11
4771840,991.39,1538.4478,407.81
4792320,995.08,1468.6271,403.09
4812800,998.76,1439.6896,397.56
4833280,1002.53,1439.1301,380.68
4853760,1006.06,1556.4859,392.28
4874240,1009.67,1505.2256,375.29
4894720,1013.18,1537.0082,400.33
4915200,1016.87,1662.8264,440.93
4935680,1020.50,1631.3991,428.10
4956160,1023.94,1558.7095,406.43
4976640,1027.66,1638.5161,423.82
4997120,1031.03,1731.4978,430.38
5017600,1034.51,1650.7220,406.32
5038080,1037.98,1608.3599,402.12
5058560,1041.44,1729.0704,428.35
5079040,1044.78,1737.6787,428.26
5099520,1048.10,1650.9749,415.60
5120000,1051.41,1602.2082,415.14
5140480,1054.82,1706.9669,429.30
5160960,1058.07,1585.5956,395.44
5181440,1061.40,1694.2839,410.27
5201920,1064.85,1763.3741,421.01
5222400,1068.59,1603.1246,393.80
5242880,1072.44,1525.5770,386.63
5263360,1075.81,1547.8365,394.05
5283840,1079.24,1640.4551,406.18
5304320,1083.04,1627.1537,410.12
5324800,1086.83,1517.5633,391.03
5345280,1090.78,1565.3553,398.11
5365760,1095.02,1643.1374,410.13
5386240,1100.88,1732.8234,427.66
5406720,1104.65,1873.6839,450.45
5427200,1108.31,1760.2476,424.93
5447680,1112.31,1698.3152,412.46
5468160,1115.91,1738.7862,423.85
5488640,1119.34,1651.4523,408.60
5509120,1122.80,1613.5378,402.37
5529600,1126.45,1667.0507,421.99
5550080,1130.14,1841.7051,448.43
5570560,1133.63,1739.0135,415.00
5591040,1137.14,1639.0360,394.88
5611520,1140.67,1581.4382,386.59
5632000,1144.40,1600.6103,390.56
5652480,1148.55,1664.6285,403.07
5672960,1152.46,1624.8096,399.81
5693440,1156.09,1737.9246,429.76
5713920,1159.70,1789.4248,428.31
5734400,1163.18,1753.5534,419.92
5754880,1166.92,1842.6164,444.64
5775360,1170.42,1800.4830,441.94
5795840,1174.07,1794.1729,435.15
5816320,1177.80,1794.6965,440.48
5836800,1181.31,1717.2546,414.47
5857280,1185.13,1751.8134,414.69
5877760,1188.65,1787.1335,429.32
5898240,1192.14,1636.1458,404.38
5918720,1195.66,1524.0449,379.56
5939200,1199.12,1617.8864,392.85
5959680,1202.83,1755.5422,422.45
5980160,1206.40,1700.1706,416.35
6000640,1209.96,1802.7325,438.26
6021120,1213.55,1792.4634,440.12
6041600,1217.10,1580.2167,398.58
6062080,1221.03,1583.4805,400.49
6082560,1224.80,1590.9674,409.00
6103040,1228.55,1587.0040,410.89
6123520,1232.33,1762.7202,445.76
6144000,1236.10,1835.5051,441.13
6164480,1240.01,1625.5034,394.45
6184960,1243.78,1720.8656,417.55
6205440,1247.51,1862.3811,437.66
6225920,1251.22,1945.5098,462.83
6246400,1255.04,1948.9565,465.23
6266880,1258.94,1876.3563,447.92
6287360,1263.15,1801.9836,444.62
6307840,1267.41,1761.9305,446.91
6328320,1271.24,1719.8207,422.51
6348800,1275.35,1662.8860,403.67
6369280,1279.77,1811.1936,426.77
6389760,1284.06,1799.5671,417.81
6410240,1288.34,1538.7881,373.05
6430720,1293.06,1522.4832,391.57
6451200,1297.55,1661.5362,411.63
6471680,1301.61,1874.7725,439.52
6492160,1305.74,1829.7274,436.84
6512640,1309.60,1788.8721,431.73
6533120,1313.48,1837.7509,436.21
6553600,1317.26,1796.9536,430.57
6574080,1321.06,1662.3195,405.31
6594560,1324.98,1787.6570,434.91
6615040,1329.29,1801.9017,440.63
6635520,1333.43,1658.0452,403.61
6656000,1338.43,1757.1283,422.50
6676480,1344.91,1751.1842,416.51
6696960,1350.98,1667.0059,398.24
6717440,1357.11,1747.8831,418.26
6737920,1363.12,1690.3596,414.31
6758400,1368.92,1759.6710,437.38
6778880,1375.19,1674.3923,413.26
6799360,1381.06,1712.6176,410.59
6819840,1385.25,1802.2206,436.75
6840320,1389.46,1896.1589,454.09
6860800,1393.64,1870.8274,446.08
6881280,1398.02,1799.4179,429.25
6901760,1402.09,1721.8121,416.33
6922240,1406.38,1647.6383,405.27
6942720,1410.58,1741.2534,420.14
6963200,1414.77,1836.7409,433.38
6983680,1419.56,1902.2676,444.30
7004160,1424.30,1759.5587,424.44
7024640,1429.14,1670.5154,411.58
7045120,1433.67,1761.5432,420.60
7065600,1438.32,1772.1878,425.08
7086080,1443.65,1792.1520,423.65
7106560,1448.38,1859.4750,452.91
7127040,1452.75,1758.5686,437.70
7147520,1457.17,1786.1282,419.12
7168000,1461.65,1748.8787,425.59
7188480,1466.39,1764.9442,436.04
7208960,1471.41,1773.6055,432.35
7229440,1476.61,1765.3137,422.12
7249920,1481.52,1713.2307,407.97
7270400,1487.66,1796.3523,425.82
7290880,1493.55,1791.7597,444.57
7311360,1500.99,1534.8262,433.98
7331840,1509.24,1359.5554,415.79
7352320,1517.24,1300.2812,398.71
7372800,1525.33,1271.0740,385.83
7393280,1533.96,1429.9132,412.53
7413760,1542.09,1527.7782,422.24
7434240,1549.10,1547.9240,431.07
7454720,1553.86,1491.3143,425.66
7475200,1558.56,1516.4395,430.95
7495680,1563.84,1594.5946,433.51
7516160,1568.91,1509.6720,408.46
7536640,1573.83,1484.2681,411.03
7557120,1578.72,1429.6945,402.90
7577600,1583.33,1414.8262,399.58
7598080,1588.05,1611.5033,445.95
7618560,1592.60,1601.7554,443.75
7639040,1597.14,1610.0794,440.38
7659520,1601.77,1508.6836,412.71
7680000,1606.46,1597.8650,427.33
7700480,1611.23,1586.0547,426.97
7720960,1615.85,1540.5004,416.49
7741440,1620.20,1614.1614,438.07
7761920,1624.43,1729.9617,462.21
7782400,1628.60,1657.0974,457.33
7802880,1633.03,1553.1703,442.94
7823360,1637.15,1595.8000,425.12
7843840,1642.08,1552.2575,400.78
7864320,1646.77,1556.6134,423.62
7884800,1651.63,1571.9674,443.63
7905280,1657.39,1582.3095,435.18
7925760,1663.22,1704.6059,449.74
7946240,1668.69,1719.8442,460.74
7966720,1673.79,1549.3432,426.43
7987200,1678.81,1364.5753,373.07
8007680,1684.37,1461.8922,392.67
8028160,1689.82,1684.9501,429.31
8048640,1694.84,1640.8218,437.54
8069120,1699.90,1419.7635,403.92
8089600,1704.98,1431.9030,410.47
8110080,1710.81,1459.3881,421.83
8130560,1715.82,1476.4829,413.84
8151040,1720.97,1616.7871,435.45
8171520,1726.10,1588.0090,430.62
8192000,1731.05,1516.4941,417.73
8212480,1736.31,1446.9434,405.15
8232960,1741.31,1448.4424,403.38
8253440,1746.30,1550.3384,421.51
8273920,1751.04,1614.3398,433.05
8294400,1755.80,1641.9274,441.81
8314880,1760.68,1593.2979,413.24
8335360,1765.45,1466.6790,398.90
8355840,1770.19,1455.8194,417.45
8376320,1774.98,1522.4477,427.48
8396800,1779.82,1489.7285,422.05
8417280,1785.46,1467.1679,415.55
8437760,1790.57,1495.0203,405.40
8458240,1795.53,1581.3595,412.16
8478720,1800.07,1667.9394,441.88
8499200,1804.90,1613.9461,437.99
8519680,1809.92,1537.3773,420.20
8540160,1814.78,1606.4393,433.19
8560640,1819.60,1704.2278,450.93
8581120,1824.66,1639.8310,435.43
8601600,1829.46,1598.3703,417.88
8622080,1834.32,1523.1711,400.70
8642560,1838.71,1538.2680,410.17
8663040,1843.31,1610.1710,432.27
8683520,1848.01,1638.8945,432.39
8704000,1852.52,1596.9871,415.59
8724480,1857.26,1617.2883,421.29
8744960,1861.40,1561.8675,408.50
8765440,1866.25,1475.0824,386.04
8785920,1871.76,1654.9470,417.77
8806400,1876.91,1628.1493,416.46
8826880,1882.38,1571.3297,412.96
8847360,1887.76,1624.1732,423.91
8867840,1892.81,1635.2783,420.75
8888320,1897.74,1632.1316,420.25
8908800,1903.07,1545.4504,409.44
8929280,1908.45,1551.8099,411.36
8949760,1913.28,1708.3814,444.11
8970240,1917.99,1741.0957,436.00
8990720,1922.78,1715.3013,429.70
9011200,1927.76,1672.5221,416.50
9031680,1933.16,1529.8586,397.88
9052160,1938.13,1565.1698,407.71
9072640,1942.98,1697.4667,427.03
9093120,1947.82,1604.8481,416.33
9113600,1952.63,1572.8158,408.87
9134080,1957.73,1571.5519,409.76
9154560,1962.75,1638.9662,420.97
9175040,1967.28,1754.9422,431.22
9195520,1971.93,1748.1636,427.59
9216000,1977.05,1647.8209,413.88
9236480,1981.94,1691.2131,415.42
9256960,1986.73,1765.8735,433.56
9277440,1991.76,1649.3972,410.93
9297920,1996.43,1578.4688,396.53
9318400,2000.82,1545.6499,397.22
9338880,2005.63,1588.8179,410.46
9359360,2010.89,1642.8850,427.72
9379840,2015.25,1694.8171,433.21
9400320,2019.57,1683.9320,415.32
9420800,2024.14,1662.1694,423.76
9441280,2028.66,1674.9596,436.64
9461760,2032.51,1661.4908,420.53
9482240,2036.41,1660.4647,410.64
9502720,2040.53,1569.8767,400.76
9523200,2044.89,1656.4032,426.07
9543680,2049.43,1685.2675,427.45
9564160,2053.75,1603.0114,409.04
9584640,2058.14,1671.7194,416.98
9605120,2062.55,1729.5867,427.08
9625600,2066.76,1584.1446,398.26
9646080,2071.32,1611.2933,416.32
9666560,2075.77,1654.0725,428.56
9687040,2080.18,1697.5485,424.54
9707520,2084.64,1696.8925,422.84
9728000,2089.19,1795.7916,443.95
9748480,2094.12,1671.1507,427.26
9768960,2098.93,1613.0039,410.29
9789440,2103.04,1580.1141,407.09
9809920,2106.78,1392.0282,395.55
9830400,2110.68,1407.4662,420.98
9850880,2114.62,1544.2629,449.55
9871360,2118.41,1584.7363,423.53
9891840,2122.07,1619.6281,414.56
9912320,2125.82,1610.4874,424.45
9932800,2129.47,1346.4111,403.61
9953280,2133.37,1351.5189,404.38
9973760,2137.19,1410.8757,406.51
9994240,2141.03,1353.2818,395.84
10014720,2144.96,1468.0792,404.74
10035200,2148.67,1535.3823,423.09
10055680,2152.62,1521.8020,432.76
10076160,2156.41,1499.6190,416.27
10096640,2160.12,1635.3188,436.25
10117120,2163.81,1631.5254,440.24
10137600,2167.53,1572.0290,435.29
10158080,2171.43,1516.0055,419.58
10178560,2175.20,1494.9096,409.99
10199040,2178.85,1569.4317,419.51
10219520,2182.62,1607.5883,426.51
10240000,2186.37,1473.8615,396.26
10260480,2190.29,1391.1319,375.36
10280960,2194.00,1473.1045,405.76
10301440,2197.71,1668.3870,439.50
10321920,2201.48,1562.3353,438.06
10342400,2205.09,1559.6970,442.36
10362880,2208.89,1645.4187,441.83
10383360,2212.58,1616.8547,432.72
10403840,2216.28,1493.0912,412.23
10424320,2219.91,1508.2380,411.65
10444800,2223.87,1492.1013,409.79
10465280,2227.60,1529.5452,413.05
10485760,2231.20,1609.1970,422.86
10506240,2234.80,1629.7547,422.35
10526720,2238.44,1576.9192,420.12
10547200,2242.05,1567.1221,424.49
10567680,2245.78,1395.7326,402.66
10588160,2249.37,1501.1714,415.13
10608640,2253.23,1684.7220,448.42
10629120,2257.15,1552.7001,422.12
10649600,2260.82,1562.5602,408.19
10670080,2264.59,1708.0781,433.43
10690560,2268.24,1573.2711,415.00
10711040,2271.81,1424.6367,390.54
10731520,2275.52,1537.3176,413.80
10752000,2279.23,1620.0239,433.91
10772480,2283.03,1601.3500,433.55
10792960,2286.71,1645.8526,432.49
10813440,2290.26,1605.7826,431.18
10833920,2293.85,1708.4639,442.06
10854400,2297.45,1794.6833,451.11
10874880,2301.16,1632.8913,429.56
10895360,2304.76,1528.2132,400.22
10915840,2308.41,1602.4980,410.95
10936320,2312.15,1635.8801,419.24
10956800,2315.88,1798.5445,452.67
10977280,2319.82,1666.2051,424.58
10997760,2323.50,1572.7558,401.33
11018240,2327.17,1602.2315,417.40
11038720,2330.73,1679.5882,437.85
11059200,2334.29,1619.5416,426.54
11079680,2338.10,1476.3374,398.64
11100160,2341.93,1494.2459,402.84
11120640,2345.72,1638.5973,423.69
11141120,2349.61,1648.3072,417.29
11161600,2353.55,1514.6475,397.28
11182080,2357.70,1442.8819,395.87
11202560,2361.52,1424.8699,400.47
11223040,2365.32,1513.4120,402.82
11243520,2369.28,1672.9457,418.08
11264000,2373.43,1588.7795,410.19
11284480,2378.08,1568.3739,412.15
11304960,2382.48,1646.6176,415.62
11325440,2386.98,1570.1865,396.42
11345920,2391.41,1680.8172,422.96
11366400,2395.91,1668.7691,422.50
11386880,2400.42,1728.3061,436.75
11407360,2404.97,1715.8576,436.53
11427840,2409.38,1495.2227,407.87
11448320,2414.00,1465.1232,407.46
11468800,2418.71,1562.5869,413.05
11489280,2424.02,1668.2687,422.29
11509760,2429.09,1680.6834,421.64
11530240,2433.54,1743.9772,441.48
11550720,2437.34,1696.1349,435.95
11571200,2441.34,1705.2496,434.60
11591680,2445.43,1709.9968,427.48
11612160,2449.46,1919.4917,465.57
11632640,2453.25,1727.7228,424.79
11653120,2457.09,1679.3708,421.11
11673600,2460.88,1685.5861,424.75
11694080,2464.67,1660.6357,420.06
11714560,2468.35,1777.1839,443.97
11735040,2472.21,1715.7509,433.83
11755520,2475.98,1726.6482,425.89
11776000,2479.67,1678.8572,425.28
11796480,2483.71,1559.2439,409.28
11816960,2487.52,1545.4495,403.69
11837440,2491.28,1556.7550,396.78
11857920,2494.97,1658.2002,409.36
11878400,2498.85,1748.5341,424.97
11898880,2502.80,1695.0105,420.84
11919360,2506.55,1689.9789,423.31
11939840,2510.29,1693.0365,426.30
11960320,2513.98,1538.6721,398.99
11980800,2517.68,1540.5486,408.41
12001280,2521.49,1602.7966,425.96
12021760,2525.19,1613.7320,416.25
12042240,2528.97,1578.3296,399.98
12062720,2532.68,1573.7806,399.59
12083200,2536.35,1682.9289,434.50
12103680,2540.13,1706.6033,431.54
12124160,2543.79,1701.5429,417.00
12144640,2547.49,1592.2636,400.54
12165120,2551.48,1655.6071,422.02
12185600,2555.12,1717.9565,435.36
12206080,2558.95,1686.2470,421.71
12226560,2562.66,1709.6679,422.37
12247040,2566.32,1788.1129,437.89
12267520,2570.00,1846.4351,443.55
12288000,2573.69,1699.6766,408.44
12308480,2577.71,1589.9835,397.14
12328960,2581.46,1724.4449,429.68
12349440,2585.17,1776.2281,434.26
12369920,2588.94,1543.0776,401.78
12390400,2592.70,1630.2126,418.22
12410880,2596.60,1768.1028,435.48
12431360,2600.28,1688.5922,413.75
12451840,2604.00,1786.3056,432.65
12472320,2607.69,1806.6254,446.23
12492800,2611.35,1775.8338,436.77
12513280,2615.28,1937.3169,460.26
12533760,2618.93,1924.7060,458.46
12554240,2622.62,1929.7726,460.69
12574720,2626.33,1680.3044,423.14
12595200,2630.00,1536.5672,394.59
12615680,2633.86,1565.3001,398.71
12636160,2637.55,1537.4768,389.86
12656640,2641.24,1456.9336,377.63
12677120,2644.95,1567.2941,409.92
12697600,2648.65,1821.6916,453.51
12718080,2652.49,1897.1302,454.59
12738560,2656.14,1928.7414,447.13
12759040,2659.80,1815.0486,428.83
12779520,2663.54,1689.4658,420.60
12800000,2667.22,1728.6986,426.64
12820480,2671.02,1726.3121,421.35
12840960,2674.73,1727.6533,426.68
12861440,2678.41,1702.7788,416.78
12881920,2682.16,1459.7074,380.40
12902400,2685.83,1658.2842,418.71
12922880,2689.66,1789.0912,431.82
12943360,2693.36,1749.1025,414.77
12963840,2697.11,1732.0233,412.52
12984320,2700.78,1552.2452,382.58
13004800,2704.54,1580.8198,384.71
13025280,2708.33,1850.4652,430.87
13045760,2711.99,1872.1304,439.11
13066240,2715.62,1668.8975,417.90
13086720,2719.33,1748.1166,427.57
13107200,2722.98,1779.3949,426.28
13127680,2726.82,1716.6519,424.98
13148160,2730.49,1717.5329,419.24
13168640,2734.21,1913.1298,448.24
13189120,2737.98,1980.1270,458.26
13209600,2741.65,1879.1849,443.33
13230080,2745.61,1775.2926,425.47
13250560,2749.21,1744.9103,422.11
13271040,2752.98,1675.7104,416.75
13291520,2756.69,1694.0092,424.69
13312000,2760.41,1772.2599,432.39
13332480,2764.26,1850.3162,442.65
13352960,2767.95,1972.3306,456.44
13373440,2771.65,1880.5820,450.15
13393920,2775.39,1742.2308,436.46
13414400,2778.97,1667.5032,420.46
13434880,2782.86,1658.3988,406.71
13455360,2786.63,1745.0013,414.75
13475840,2790.36,1836.7462,433.29
13496320,2794.08,1822.9071,432.67
13516800,2797.79,1954.7904,449.59
13537280,2801.70,1806.1835,421.84
13557760,2805.48,1664.4345,402.52
13578240,2809.28,1709.5815,418.80
13598720,2813.00,1669.7697,412.09
13619200,2816.72,1775.9670,426.34
13639680,2820.63,1778.8210,425.17
13660160,2824.35,1754.6648,415.79
13680640,2828.03,1864.9957,430.55
13701120,2831.74,1924.1144,449.57
13721600,2835.55,1914.5365,449.17
13742080,2839.49,1733.1686,409.65
13762560,2843.27,1781.4653,419.88
13783040,2847.02,1852.0312,434.39
13803520,2850.78,1675.1354,399.96
13824000,2854.50,1868.7925,437.60
13844480,2858.42,1944.9481,448.17
13864960,2862.14,1901.0966,439.94
13885440,2865.91,1859.3084,433.85
13905920,2869.61,1892.3008,442.54
13926400,2873.47,1923.6543,453.48
13946880,2877.34,1812.3788,424.56
13967360,2881.03,1825.4867,420.19
13987840,2884.83,1820.2088,421.40
14008320,2888.52,1824.3258,422.99
14028800,2892.20,1805.7871,419.13
14049280,2896.02,1768.5065,410.42
14069760,2899.66,1717.1742,400.91
14090240,2903.33,1595.1293,390.10
14110720,2907.00,1557.7577,381.14
14131200,2910.64,1712.7119,404.70
14151680,2914.41,1778.4926,415.88
14172160,2918.14,1661.7740,387.44
14192640,2921.75,1676.2537,395.62
14213120,2925.40,1711.4853,405.76
14233600,2929.08,1912.3623,430.46
14254080,2932.91,1890.5538,433.25
14274560,2936.57,1713.7617,417.09
14295040,2940.23,1773.7204,422.67
14315520,2943.88,1906.2558,438.51
14336000,2947.51,1894.4195,438.95
14356480,2951.29,1772.6574,423.93
14376960,2955.07,1667.8989,408.74
14397440,2958.84,1828.7752,432.39
14417920,2962.46,1829.7380,423.33
14438400,2966.15,1693.4445,402.20
14458880,2970.14,1801.3504,425.43
14479360,2973.90,1809.7111,429.46
14499840,2977.84,1712.0736,412.20
14520320,2981.67,1763.1245,409.38
14540800,2985.48,1834.3829,415.37
14561280,2989.33,1732.0214,407.12
14581760,2993.08,1726.5250,413.26
14602240,2996.78,1804.3823,424.67
14622720,3000.52,1847.3348,418.00
14643200,3004.26,1790.4959,409.37
14663680,3008.16,1706.0167,396.68
14684160,3011.87,1765.8271,411.19
14704640,3015.68,1844.5966,434.45
14725120,3019.44,1870.7743,433.33
14745600,3023.16,1831.0388,422.30
14766080,3027.06,1765.2563,411.51
14786560,3030.80,1668.1008,397.63
14807040,3034.56,1708.9034,402.50
14827520,3038.31,1872.0441,423.87
14848000,3042.04,1912.3453,437.73
14868480,3045.93,1841.9793,427.47
14888960,3049.69,1756.1675,407.25
14909440,3053.40,1721.0879,406.16
14929920,3057.16,1754.8503,409.17
14950400,3060.90,1792.6997,422.52
14970880,3064.73,1810.3088,425.03
14991360,3068.44,1860.3190,428.60
15011840,3072.24,1962.9048,443.93
