step,reward,policy_loss,value_loss,entropy,lr,dr,envelope,chain_w
131072,2.8884,-0.001395,636.070435,3.6961,3.000e-04,0.000,5.000,0.050
262144,2.4196,-0.001046,463.773346,3.7173,2.971e-04,0.000,4.943,0.050
393216,2.3778,-0.001252,384.838867,3.7299,2.941e-04,0.000,4.885,0.050
524288,2.5408,-0.002478,397.075623,3.7241,2.912e-04,0.000,4.828,0.050
655360,2.4240,-0.002484,330.755463,3.7211,2.882e-04,0.000,4.771,0.050
786432,2.5366,-0.003232,324.945343,3.7230,2.853e-04,0.000,4.713,0.050
917504,2.4978,-0.003479,291.318390,3.7073,2.823e-04,0.000,4.656,0.050
1048576,2.6023,-0.003989,281.935852,3.6908,2.794e-04,0.000,4.599,0.050
1179648,2.5744,-0.003517,251.556396,3.6866,2.764e-04,0.000,4.541,0.050
1310720,2.5915,-0.003357,246.417679,3.6616,2.735e-04,0.000,4.484,0.050
1441792,2.6522,-0.003336,244.027695,3.6390,2.705e-04,0.000,4.427,0.050
1572864,2.6333,-0.003255,233.537155,3.6192,2.676e-04,0.000,4.369,0.050
1703936,2.6414,-0.004247,225.224609,3.5971,2.646e-04,0.000,4.312,0.050
1835008,2.6310,-0.004217,220.837845,3.5665,2.617e-04,0.000,4.255,0.050
1966080,2.6321,-0.004436,234.373276,3.5286,2.587e-04,0.000,4.197,0.050
2097152,2.6004,-0.004309,238.617706,3.5034,2.558e-04,0.000,4.140,0.050
2228224,2.4884,-0.004917,243.777084,3.4620,2.528e-04,0.000,4.082,0.050
2359296,2.3950,-0.004092,260.403870,3.4291,2.499e-04,0.000,4.025,0.050
2490368,2.2409,-0.004669,246.776733,3.3980,2.469e-04,0.000,3.968,0.050
2621440,2.2955,-0.003871,340.041992,3.3732,2.440e-04,0.000,3.910,0.050
2752512,2.4564,-0.002930,496.318573,3.3566,2.410e-04,0.000,3.853,0.050
2883584,2.4674,-0.002532,594.160095,3.3534,2.381e-04,0.000,3.796,0.050
3014656,2.5154,-0.001800,661.263733,3.3681,2.351e-04,0.000,3.738,0.050
3145728,2.5108,-0.002366,597.547668,3.3687,2.322e-04,0.000,3.681,0.050
3276800,2.5308,-0.002490,585.841003,3.3741,2.292e-04,0.000,3.624,0.050
3407872,2.5337,-0.001814,561.613098,3.3863,2.263e-04,0.000,3.566,0.050
3538944,2.5741,-0.002915,543.790955,3.3744,2.233e-04,0.000,3.509,0.050
3670016,2.5954,-0.002684,524.940125,3.3771,2.204e-04,0.000,3.452,0.050
3801088,2.5467,-0.002241,478.305481,3.3727,2.174e-04,0.000,3.394,0.050
3932160,2.5978,-0.002165,528.745911,3.3690,2.145e-04,0.000,3.337,0.050
4063232,2.6502,-0.002356,533.063843,3.3625,2.115e-04,0.000,3.280,0.050
4194304,2.6367,-0.002654,513.335815,3.3476,2.086e-04,0.000,3.222,0.050
4325376,2.7399,-0.002295,572.429321,3.3376,2.056e-04,0.000,3.165,0.050
4456448,2.7427,-0.002642,564.159180,3.3403,2.027e-04,0.000,3.108,0.050
4587520,2.7189,-0.002254,589.351929,3.3370,1.997e-04,0.000,3.050,0.050
4718592,2.7467,-0.002741,580.317200,3.3252,1.968e-04,0.000,2.993,0.050
4849664,2.7809,-0.002438,566.653625,3.3055,1.938e-04,0.000,2.936,0.050
4980736,2.7473,-0.002486,611.335693,3.2907,1.909e-04,0.000,2.878,0.050
5111808,2.8284,-0.002230,680.350586,3.2808,1.879e-04,0.000,2.821,0.050
5242880,2.8472,-0.002648,605.176453,3.2681,1.850e-04,0.000,2.764,0.050
5373952,2.8523,-0.003155,657.109863,3.2549,1.820e-04,0.000,2.706,0.050
5505024,2.8458,-0.002508,701.831177,3.2454,1.791e-04,0.000,2.649,0.050
5636096,2.9004,-0.002554,649.219849,3.2339,1.761e-04,0.000,2.592,0.050
5767168,2.9604,-0.002630,747.904846,3.2189,1.732e-04,0.000,2.534,0.050
5898240,2.9924,-0.002843,754.938782,3.2024,1.702e-04,0.000,2.477,0.050
6029312,3.0243,-0.002573,720.701355,3.1862,1.673e-04,0.000,2.420,0.050
6160384,3.0194,-0.002405,745.736755,3.1751,1.643e-04,0.000,2.362,0.050
6291456,3.1080,-0.002146,807.110596,3.1660,1.614e-04,0.000,2.305,0.050
6422528,3.1343,-0.002139,778.283142,3.1562,1.584e-04,0.000,2.247,0.050
6553600,3.1563,-0.002715,732.490479,3.1330,1.555e-04,0.000,2.190,0.050
6684672,3.1748,-0.002408,796.087830,3.1134,1.525e-04,0.000,2.133,0.050
6815744,3.2664,-0.002463,801.235229,3.1057,1.497e-04,0.000,2.075,0.050
6946816,3.2420,-0.002453,801.539734,3.0875,1.478e-04,0.000,2.018,0.050
7077888,3.3552,-0.002139,857.459595,3.0673,1.458e-04,0.000,1.961,0.050
7208960,3.3776,-0.002407,754.095276,3.0540,1.438e-04,0.000,1.903,0.050
7340032,3.4133,-0.002699,720.510071,3.0477,1.419e-04,0.000,1.846,0.050
7471104,3.4750,-0.002552,857.286926,3.0386,1.399e-04,0.000,1.789,0.050
7602176,3.5703,-0.002488,826.600220,3.0216,1.379e-04,0.000,1.731,0.050
7733248,3.6354,-0.002223,804.735046,3.0039,1.360e-04,0.000,1.674,0.050
7864320,3.6568,-0.002349,775.033386,2.9871,1.340e-04,0.000,1.617,0.050
7995392,3.6684,-0.002252,824.707825,2.9689,1.320e-04,0.000,1.559,0.050
8126464,3.6913,-0.002234,819.146118,2.9515,1.301e-04,0.000,1.502,0.050
8257536,3.7656,-0.002147,796.883972,2.9300,1.281e-04,0.000,1.500,0.050
8388608,3.8298,-0.002403,829.684082,2.9038,1.261e-04,0.000,1.500,0.050
8519680,3.8563,-0.002195,816.064697,2.8975,1.242e-04,0.000,1.500,0.050
8650752,3.8598,-0.002281,876.822571,2.8897,1.222e-04,0.000,1.500,0.050
8781824,3.8941,-0.002243,902.898438,2.8773,1.202e-04,0.000,1.500,0.050
8912896,3.9194,-0.002102,848.901550,2.8584,1.183e-04,0.000,1.500,0.050
9043968,3.9876,-0.001977,801.667236,2.8429,1.163e-04,0.000,1.500,0.050
9175040,4.0394,-0.002545,914.521790,2.8330,1.143e-04,0.000,1.500,0.050
9306112,4.0816,-0.001992,836.546387,2.8197,1.124e-04,0.000,1.500,0.050
9437184,4.0728,-0.002313,822.410278,2.8006,1.104e-04,0.000,1.500,0.050
9568256,4.1211,-0.002001,812.020325,2.7855,1.084e-04,0.016,1.500,0.050
9699328,4.1431,-0.002146,817.301941,2.7702,1.065e-04,0.035,1.500,0.050
9830400,4.1647,-0.002253,848.731567,2.7608,1.045e-04,0.055,1.500,0.050
9961472,4.2438,-0.001399,849.427246,2.7646,1.025e-04,0.075,1.500,0.050
10092544,4.2095,-0.002138,685.700806,2.7481,1.006e-04,0.094,1.500,0.050
10223616,4.2097,-0.002050,798.518311,2.7274,9.861e-05,0.114,1.500,0.050
10354688,4.2666,-0.002050,866.247009,2.7157,9.665e-05,0.134,1.500,0.050
10485760,4.2688,-0.002074,830.734985,2.7007,9.468e-05,0.153,1.500,0.050
10616832,4.2698,-0.001899,770.470947,2.6891,9.271e-05,0.173,1.500,0.050
10747904,4.2874,-0.001472,868.386353,2.6768,9.075e-05,0.193,1.500,0.050
10878976,4.2946,-0.001982,822.448547,2.6578,8.878e-05,0.212,1.500,0.050
11010048,4.3403,-0.002033,835.957336,2.6400,8.682e-05,0.232,1.500,0.050
11141120,4.3274,-0.001518,942.632996,2.6239,8.485e-05,0.252,1.500,0.050
11272192,4.2512,-0.002245,805.123657,2.6052,8.288e-05,0.271,1.500,0.050
11403264,4.2606,-0.002015,872.981873,2.5856,8.092e-05,0.291,1.500,0.050
11534336,4.2890,-0.001932,669.490051,2.5676,7.895e-05,0.310,1.500,0.050
11665408,4.3279,-0.001773,864.375977,2.5561,7.698e-05,0.330,1.500,0.050
11796480,4.2818,-0.001756,937.854980,2.5400,7.502e-05,0.350,1.500,0.050
11927552,4.2785,-0.001476,1139.356445,2.5238,7.305e-05,0.369,1.500,0.050
12058624,4.3339,-0.001488,1124.619995,2.5082,7.109e-05,0.389,1.500,0.050
12189696,4.2803,-0.001466,1280.318970,2.4946,6.912e-05,0.409,1.500,0.050
12320768,4.2044,-0.002097,1227.556519,2.4794,6.715e-05,0.428,1.500,0.050
12451840,4.1887,-0.001773,1052.754272,2.4591,6.519e-05,0.448,1.500,0.050
12582912,4.2141,-0.001444,1188.381714,2.4427,6.322e-05,0.468,1.500,0.050
12713984,4.1846,-0.001661,1190.701050,2.4250,6.126e-05,0.487,1.500,0.050
12845056,4.1878,-0.001455,1164.742188,2.4080,5.929e-05,0.507,1.500,0.050
12976128,4.1294,-0.001971,1340.316650,2.3864,5.732e-05,0.527,1.500,0.050
13107200,4.1204,-0.001497,1117.097656,2.3668,5.536e-05,0.546,1.500,0.050
13238272,4.1654,-0.001440,1314.027710,2.3535,5.339e-05,0.566,1.500,0.050
13369344,4.1342,-0.001379,1645.667236,2.3431,5.143e-05,0.586,1.500,0.050
13500416,4.0970,-0.002056,1460.802368,2.3274,4.989e-05,0.605,1.500,0.050
13631488,4.1162,-0.001276,1716.605103,2.2971,4.950e-05,0.625,1.500,0.050
13762560,4.1225,-0.001244,1931.417236,2.2609,4.911e-05,0.645,1.500,0.050
13893632,4.0848,-0.001856,1860.854736,2.2355,4.871e-05,0.664,1.500,0.050
14024704,4.1007,-0.001285,1805.552124,2.2188,4.832e-05,0.684,1.500,0.050
14155776,4.0658,-0.001528,2128.333740,2.1966,4.793e-05,0.704,1.500,0.050
14286848,4.0579,-0.001658,1984.559814,2.1648,4.753e-05,0.723,1.500,0.050
14417920,4.1074,-0.001774,1993.627930,2.1353,4.714e-05,0.743,1.500,0.050
14548992,4.0651,-0.001219,2048.688232,2.1065,4.675e-05,0.763,1.500,0.050
14680064,4.0972,-0.001925,2370.715088,2.0729,4.635e-05,0.782,1.500,0.050
14811136,4.0998,-0.001246,2376.489014,2.0401,4.596e-05,0.802,1.500,0.050
14942208,4.0436,-0.001638,2278.722168,2.0060,4.557e-05,0.822,1.500,0.050
15073280,4.0181,-0.001389,2193.536865,1.9727,4.517e-05,0.841,1.500,0.050
15204352,3.9962,-0.001508,2668.949951,1.9455,4.478e-05,0.861,1.500,0.050
15335424,3.9501,-0.001197,2281.469238,1.9229,4.439e-05,0.881,1.500,0.050
15466496,3.9360,-0.001717,2467.966553,1.8925,4.399e-05,0.900,1.500,0.050
15597568,3.9074,-0.001625,2514.607422,1.8588,4.360e-05,0.920,1.500,0.050
15728640,3.9291,-0.001675,2524.346436,1.8241,4.321e-05,0.940,1.500,0.050
15859712,3.8930,-0.001818,2428.574219,1.7855,4.281e-05,0.959,1.500,0.050
15990784,3.8966,-0.001226,2613.547119,1.7541,4.242e-05,0.979,1.500,0.050
16121856,3.8808,-0.001518,2670.890869,1.7307,4.203e-05,0.999,1.500,0.050
16252928,3.8767,-0.001469,2730.587158,1.7045,4.163e-05,1.000,1.500,0.056
16384000,3.8621,-0.001451,2882.589600,1.6753,4.124e-05,1.000,1.500,0.063
16515072,3.8772,-0.001296,2621.144531,1.6498,4.085e-05,1.000,1.500,0.069
16646144,3.9044,-0.001247,2924.312256,1.6233,4.045e-05,1.000,1.500,0.076
16777216,3.8659,-0.001533,2526.413574,1.5975,4.006e-05,1.000,1.500,0.082
16908288,3.8782,-0.001030,2345.563232,1.5729,3.967e-05,1.000,1.500,0.089
17039360,3.8903,-0.001005,2610.804932,1.5477,3.928e-05,1.000,1.500,0.095
17170432,3.9310,-0.001618,2587.873047,1.5282,3.888e-05,1.000,1.500,0.102
17301504,3.9434,-0.001184,2724.334473,1.5055,3.849e-05,1.000,1.500,0.109
17432576,3.9514,-0.001208,2550.672852,1.4783,3.810e-05,1.000,1.500,0.115
17563648,3.9528,-0.001402,2767.187012,1.4579,3.770e-05,1.000,1.500,0.122
17694720,3.9602,-0.001143,2835.555176,1.4410,3.731e-05,1.000,1.500,0.128
17825792,3.9323,-0.001212,2604.030029,1.4206,3.692e-05,1.000,1.500,0.135
17956864,3.9460,-0.001042,2548.365723,1.4018,3.652e-05,1.000,1.500,0.141
18087936,3.9975,-0.001493,2639.844971,1.3829,3.613e-05,1.000,1.500,0.148
18219008,4.0404,-0.000801,2495.510010,1.3605,3.574e-05,1.000,1.500,0.154
18350080,4.0219,-0.001422,2462.730469,1.3349,3.534e-05,1.000,1.500,0.161
18481152,4.0872,-0.001339,2312.346924,1.3071,3.495e-05,1.000,1.500,0.168
18612224,4.1270,-0.001301,2505.096436,1.2840,3.456e-05,1.000,1.500,0.174
18743296,4.0952,-0.001243,2557.192383,1.2654,3.416e-05,1.000,1.500,0.181
18874368,4.1279,-0.000962,2823.473389,1.2509,3.377e-05,1.000,1.500,0.187
19005440,4.1324,-0.001002,2722.948486,1.2369,3.338e-05,1.000,1.500,0.194
19136512,4.1363,-0.001285,2663.112549,1.2166,3.298e-05,1.000,1.500,0.200
19267584,4.1160,-0.001243,2619.573975,1.2015,3.259e-05,1.000,1.500,0.207
19398656,4.1460,-0.001227,2413.781982,1.1816,3.220e-05,1.000,1.500,0.213
19529728,4.1338,-0.001299,2806.900146,1.1545,3.180e-05,1.000,1.500,0.220
19660800,4.1559,-0.001199,2614.376953,1.1339,3.141e-05,1.000,1.500,0.226
19791872,4.1709,-0.001398,2373.340576,1.1124,3.102e-05,1.000,1.500,0.233
19922944,4.2129,-0.001214,2747.537842,1.0934,3.062e-05,1.000,1.500,0.240
